Package,GitHub org,GitHub repo,Publisher

bazel_worker,dart-lang,bazel_worker,tools.dart.dev
benchmark_harness,dart-lang,benchmark_harness,tools.dart.dev
boolean_selector,dart-lang,boolean_selector,tools.dart.dev
browser_launcher,dart-lang,browser_launcher,tools.dart.dev
build_config,dart-lang,build,tools.dart.dev
build_daemon,dart-lang,build,tools.dart.dev
build_modules,dart-lang,build,tools.dart.dev
build_resolvers,dart-lang,build,tools.dart.dev
build_runner,dart-lang,build,tools.dart.dev
build_runner_core,dart-lang,build,tools.dart.dev
build_test,dart-lang,build,tools.dart.dev
build_vm_compilers,dart-lang,build,tools.dart.dev
build_web_compilers,dart-lang,build,tools.dart.dev
scratch_space,dart-lang,build,tools.dart.dev
cli_util,dart-lang,cli_util,tools.dart.dev
clock,dart-lang,clock,tools.dart.dev
code_builder,dart-lang,code_builder,tools.dart.dev
coverage,dart-lang,coverage,tools.dart.dev
csslib,dart-lang,csslib,tools.dart.dev
dart_style,dart-lang,dart_style,tools.dart.dev
dartdoc,dart-lang,dartdoc,tools.dart.dev
ffigen,dart-lang,ffigen,tools.dart.dev
glob,dart-lang,glob,tools.dart.dev
graphs,dart-lang,graphs,tools.dart.dev
html,dart-lang,html,tools.dart.dev
http_multi_server,dart-lang,http_multi_server,tools.dart.dev
http_retry,dart-lang,http_retry,tools.dart.dev
io,dart-lang,io,tools.dart.dev
json_rpc_2,dart-lang,json_rpc_2,tools.dart.dev
linter,dart-lang,linter,tools.dart.dev
lints,dart-lang,lints,tools.dart.dev
markdown,dart-lang,markdown,tools.dart.dev
mime,dart-lang,mime,tools.dart.dev
oauth2,dart-lang,oauth2,tools.dart.dev
package_config,dart-lang,package_config,tools.dart.dev
pana,dart-lang,pana,tools.dart.dev
pool,dart-lang,pool,tools.dart.dev
pub_semver,dart-lang,pub_semver,tools.dart.dev
pubspec_parse,dart-lang,pubspec_parse,tools.dart.dev
_fe_analyzer_shared,dart-lang,sdk,tools.dart.dev
analysis_server_client,dart-lang,sdk,tools.dart.dev
analyzer,dart-lang,sdk,tools.dart.dev
analyzer_plugin,dart-lang,sdk,tools.dart.dev
dds,dart-lang,sdk,tools.dart.dev
native_stack_traces,dart-lang,sdk,tools.dart.dev
vm_service,dart-lang,sdk,tools.dart.dev
vm_snapshot_analysis,dart-lang,sdk,tools.dart.dev
shelf,dart-lang,shelf,tools.dart.dev
shelf_packages_handler,dart-lang,shelf_packages_handler,tools.dart.dev
shelf_proxy,dart-lang,shelf_proxy,tools.dart.dev
shelf_static,dart-lang,shelf_static,tools.dart.dev
shelf_test_handler,dart-lang,shelf_test_handler,tools.dart.dev
shelf_web_socket,dart-lang,shelf_web_socket,tools.dart.dev
source_gen,dart-lang,source_gen,tools.dart.dev
source_map_stack_trace,dart-lang,source_map_stack_trace,tools.dart.dev
source_maps,dart-lang,source_maps,tools.dart.dev
source_span,dart-lang,source_span,tools.dart.dev
sse,dart-lang,sse,tools.dart.dev
stack_trace,dart-lang,stack_trace,tools.dart.dev
stream_channel,dart-lang,stream_channel,tools.dart.dev
stream_transform,dart-lang,stream_transform,tools.dart.dev
string_scanner,dart-lang,string_scanner,tools.dart.dev
term_glyph,dart-lang,term_glyph,tools.dart.dev
test_api,dart-lang,test,tools.dart.dev
test_core,dart-lang,test,tools.dart.dev
test_descriptor,dart-lang,test_descriptor,tools.dart.dev
test_process,dart-lang,test_process,tools.dart.dev
test_reflective_loader,dart-lang,test_reflective_loader,tools.dart.dev
timing,dart-lang,timing,tools.dart.dev
usage,dart-lang,usage,tools.dart.dev
watcher,dart-lang,watcher,tools.dart.dev
web_socket_channel,dart-lang,web_socket_channel,tools.dart.dev
dwds,dart-lang,webdev,tools.dart.dev
frontend_server_client,dart-lang,webdev,tools.dart.dev
webdev,dart-lang,webdev,tools.dart.dev
yaml,dart-lang,yaml,tools.dart.dev
yaml_edit,dart-lang,yaml_edit,tools.dart.dev
